INSERT INTO aerolinea (aerolinea) VALUES ('Aerolíneas Argentinas'), ('LATAM Airlines'), ('American Airlines'), ('Delta Airlines'), ('United Airlines'), ('Avianca'), ('Copa Airlines'), ('Iberia'), ('Qatar Airways'), ('Emirates'), ('Lufthansa'), ('KLM'), ('Air France'), ('Turkish Airlines'), ('British Airways'), ('Air Canada'), ('Southwest Airlines'), ('Qantas'), ('Singapore Airlines'), ('Cathay Pacific'), ('Japan Airlines'), ('Etihad Airways'), ('Alaska Airlines'), ('Vueling'), ('Ryanair'), ('Norwegian Air'), ('JetBlue'), ('EasyJet'), ('Spirit Airlines'), ('Gol Linhas Aéreas');

INSERT INTO avion (avion) VALUES('Boeing 737'),('Airbus A320'),('Boeing 777'),('Airbus A330'),('Boeing 787'),('Airbus A350'),('Embraer 190'),('Boeing 747'),('Airbus A380'),('Boeing 767'),('Airbus A321'),('Boeing 757'),('Airbus A340'),('Bombardier CRJ'),('Cessna 208'),('Antonov An-225'),('Douglas DC-3'),('Concorde'),('Lockheed C-130'),('Boeing 707'),('Airbus A319'),('McDonnell Douglas MD-80'),('Boeing 727'),('Airbus A300'),('Embraer ERJ145'),('Boeing 737 MAX'),('Airbus A220'),('Bombardier Dash 8'),('Fokker 100'),('Boeing 737-800');

INSERT INTO pais (pais, pais_abrev) VALUES('Argentina', 'ARG'),('Estados Unidos', 'USA'),('Brasil', 'BRA'),('España', 'ESP'),('Francia', 'FRA'),('Alemania', 'GER'),('Italia', 'ITA'),('Reino Unido', 'GBR'),('Australia', 'AUS'),('Canadá', 'CAN'),('Japón', 'JPN'),('China', 'CHN'),('Rusia', 'RUS'),('India', 'IND'),('México', 'MEX'),('Chile', 'CHI'),('Colombia', 'COL'),('Perú', 'PER'),('Sudáfrica', 'ZAF'),('Egipto', 'EGY'),('Turquía', 'TUR'),('Emiratos Árabes Unidos', 'ARE'),('Arabia Saudita', 'SAU'),('Corea del Sur', 'KOR'),('Indonesia', 'IDN'),('Singapur', 'SGP'),('Nueva Zelanda', 'NZL'),('Noruega', 'NOR'),('Suecia', 'SWE'),('Suiza', 'CHE');

INSERT INTO ciudad (id_pais, ciudad) VALUES (1, 'Buenos Aires'), (2, 'New York'), (3, 'São Paulo'), (4, 'Madrid'), (5, 'París'), (6, 'Berlín'), (7, 'Roma'), (8, 'Londres'), (9, 'Sídney'), (10, 'Toronto'), (11, 'Tokio'), (12, 'Pekín'), (13, 'Moscú'), (14, 'Nueva Delhi'), (15, 'Ciudad de México'), (16, 'Santiago'), (17, 'Bogotá'), (18, 'Lima'), (19, 'Johannesburgo'), (20, 'El Cairo'), (21, 'Estambul'), (22, 'Dubái'), (23, 'Riad'), (24, 'Seúl'), (25, 'Yakarta'), (26, 'Singapur'), (27, 'Auckland'), (28, 'Oslo'), (29, 'Estocolmo'), (30, 'Zúrich');

INSERT INTO aeropuerto (x, y, id_ciudad, aeropuerto, zona_horaria) VALUES (-34.8222, -58.5358, 1, 'Aeropuerto Internacional Ezeiza', 'America/Argentina/Buenos_Aires'), (40.6413, -73.7781, 2, 'John F. Kennedy International Airport', 'America/New_York'), (-23.6278, -46.6564, 3, 'Aeroporto Internacional de São Paulo', 'America/Sao_Paulo'), (40.4637, -3.5695, 4, 'Aeropuerto de Madrid-Barajas', 'Europe/Madrid'), (48.8566, 2.3522, 5, 'Charles de Gaulle Airport', 'Europe/Paris'), (52.5200, 13.4050, 6, 'Berlin Brandenburg Airport', 'Europe/Berlin'), (41.9028, 12.4964, 7, 'Rome Fiumicino Airport', 'Europe/Rome'), (51.5074, -0.1278, 8, 'Heathrow Airport', 'Europe/London'), (-33.8688, 151.2093, 9, 'Sydney Kingsford Smith Airport', 'Australia/Sydney'), (43.6532, -79.3832, 10, 'Toronto Pearson International Airport', 'America/Toronto'), (35.6895, 139.6917, 11, 'Tokyo Haneda Airport', 'Asia/Tokyo'), (39.9042, 116.4074, 12, 'Beijing Capital International Airport', 'Asia/Shanghai'), (55.7558, 37.6173, 13, 'Sheremetyevo International Airport', 'Europe/Moscow'), (28.6139, 77.2090, 14, 'Indira Gandhi International Airport', 'Asia/Kolkata'), (19.4326, -99.1332, 15, 'Aeropuerto Internacional de la Ciudad de México', 'America/Mexico_City'), (-33.4489, -70.6693, 16, 'Aeropuerto Internacional Comodoro Arturo Merino Benítez', 'America/Santiago'), (4.7110, -74.0721, 17, 'El Dorado International Airport', 'America/Bogota'), (-12.0464, -77.0428, 18, 'Aeropuerto Internacional Jorge Chávez', 'America/Lima'), (-26.2041, 28.0473, 19, 'O. R. Tambo International Airport', 'Africa/Johannesburg'), (30.0444, 31.2357, 20, 'Cairo International Airport', 'Africa/Cairo'), (41.0082, 28.9784, 21, 'Istanbul Airport', 'Europe/Istanbul'), (25.276987, 55.296249, 22, 'Dubai International Airport', 'Asia/Dubai'), (24.7136, 46.6753, 23, 'King Khalid International Airport', 'Asia/Riyadh'), (37.5665, 126.9780, 24, 'Incheon International Airport', 'Asia/Seoul'), (-6.2088, 106.8456, 25, 'Soekarno-Hatta International Airport', 'Asia/Jakarta'), (1.3521, 103.8198, 26, 'Singapore Changi Airport', 'Asia/Singapore'), (-36.8485, 174.7633, 27, 'Auckland Airport', 'Pacific/Auckland'), (59.9139, 10.7522, 28, 'Oslo Airport', 'Europe/Oslo'), (59.3293, 18.0686, 29, 'Stockholm Arlanda Airport', 'Europe/Stockholm'), (47.3769, 8.5417, 30, 'Zurich Airport', 'Europe/Zurich');

INSERT INTO aerodromo (id_aerolinea, id_avion) VALUES (1, 1), (2, 2), (3, 3), (4, 4), (5, 5), (6, 6), (7, 7), (8, 8), (9, 9), (10, 10), (11, 11), (12, 12), (13, 13), (14, 14), (15, 15), (16, 16), (17, 17), (18, 18), (19, 19), (20, 20), (21, 21), (22, 22), (23, 23), (24, 24), (25, 25), (26, 26), (27, 27), (28, 28), (29, 29), (30, 30);

INSERT INTO vuelo (asientos_disponibles, asientos_totales, id_aerolinea, id_ciudad_destino, id_ciudad_embarque, estado_vuelo) VALUES (150, 180, 1, 2, 1, 'PROGRAMADO'), (200, 220, 2, 3, 2, 'PROGRAMADO'), (100, 120, 3, 4, 3, 'PROGRAMADO'), (180, 200, 4, 5, 4, 'EN_VUELO'), (160, 180, 5, 6, 5, 'PROGRAMADO'), (190, 210, 6, 7, 6, 'COMPLETADO'), (170, 190, 7, 8, 7, 'CANCELADO'), (180, 200, 8, 9, 8, 'PROGRAMADO'), (160, 180, 9, 10, 9, 'EN_VUELO'), (190, 210, 10, 11, 10, 'COMPLETADO'), (170, 190, 11, 12, 11, 'CANCELADO'), (180, 200, 12, 13, 12, 'PROGRAMADO'), (160, 180, 13, 14, 13, 'EN_VUELO'), (190, 210, 14, 15, 14, 'COMPLETADO'), (170, 190, 15, 16, 15, 'CANCELADO'), (180, 200, 16, 17, 16, 'PROGRAMADO'), (160, 180, 17, 18, 17, 'EN_VUELO'), (190, 210, 18, 19, 18, 'COMPLETADO'), (170, 190, 19, 20, 19, 'CANCELADO'), (180, 200, 20, 21, 20, 'PROGRAMADO'), (160, 180, 21, 22, 21, 'EN_VUELO'), (190, 210, 22, 23, 22, 'COMPLETADO'), (170, 190, 23, 24, 23, 'CANCELADO'), (180, 200, 24, 25, 24, 'PROGRAMADO'), (160, 180, 25, 26, 25, 'EN_VUELO'), (190, 210, 26, 27, 26, 'COMPLETADO'), (170, 190, 27, 28, 27, 'CANCELADO'), (180, 200, 28, 29, 28, 'PROGRAMADO'), (160, 180, 29, 30, 29, 'EN_VUELO'), (190, 210, 30, 1, 30, 'COMPLETADO');

INSERT INTO asiento (cantidad_asientos, precio_asiento, id_vuelo, clase_asiento) VALUES (150, 200.00, 1, 'ECONOMICA'), (50, 500.00, 1, 'EJECUTIVA'), (200, 300.00, 2, 'ECONOMICA'), (20, 800.00, 2, 'EJECUTIVA'), (180, 250.00, 3, 'ECONOMICA'), (40, 600.00, 3, 'EJECUTIVA'), (160, 220.00, 4, 'ECONOMICA'), (60, 550.00, 4, 'EJECUTIVA'), (190, 280.00, 5, 'ECONOMICA'), (30, 700.00, 5, 'EJECUTIVA'), (170, 230.00, 6, 'ECONOMICA'), (40, 650.00, 6, 'EJECUTIVA'), (180, 240.00, 7, 'ECONOMICA'), (50, 680.00, 7, 'EJECUTIVA'), (160, 220.00, 8, 'ECONOMICA'), (60, 560.00, 8, 'EJECUTIVA'), (190, 290.00, 9, 'ECONOMICA'), (30, 720.00, 9, 'EJECUTIVA'), (170, 260.00, 10, 'ECONOMICA'), (40, 620.00, 10, 'EJECUTIVA'), (180, 270.00, 11, 'ECONOMICA'), (50, 740.00, 11, 'EJECUTIVA'), (160, 250.00, 12, 'ECONOMICA'), (60, 580.00, 12, 'EJECUTIVA'), (190, 310.00, 13, 'ECONOMICA'), (30, 760.00, 13, 'EJECUTIVA'), (170, 280.00, 14, 'ECONOMICA'), (40, 640.00, 14, 'EJECUTIVA'), (180, 290.00, 15, 'ECONOMICA'), (50, 780.00, 15, 'EJECUTIVA');

INSERT INTO escala (fecha_destino, fecha_embarque, id_aerolinea_destino, id_aerolinea_embarque, id_avion, id_vuelo) VALUES ('2024-09-01 10:00:00-03', '2024-09-01 08:00:00-03', 1, 2, 1, 1), ('2024-09-02 15:00:00-03', '2024-09-02 13:00:00-03', 2, 3, 2, 2), ('2024-09-03 18:00:00-03', '2024-09-03 16:00:00-03', 3, 4, 3, 3), ('2024-09-04 20:00:00-03', '2024-09-04 18:00:00-03', 4, 5, 4, 4), ('2024-09-05 12:00:00-03', '2024-09-05 10:00:00-03', 5, 6, 5, 5), ('2024-09-06 14:00:00-03', '2024-09-06 12:00:00-03', 6, 7, 6, 6), ('2024-09-07 16:00:00-03', '2024-09-07 14:00:00-03', 7, 8, 7, 7), ('2024-09-08 18:00:00-03', '2024-09-08 16:00:00-03', 8, 9, 8, 8), ('2024-09-09 20:00:00-03', '2024-09-09 18:00:00-03', 9, 10, 9, 9), ('2024-09-10 22:00:00-03', '2024-09-10 20:00:00-03', 10, 11, 10, 10), ('2024-09-11 10:00:00-03', '2024-09-11 08:00:00-03', 11, 12, 11, 11), ('2024-09-12 15:00:00-03', '2024-09-12 13:00:00-03', 12, 13, 12, 12), ('2024-09-13 18:00:00-03', '2024-09-13 16:00:00-03', 13, 14, 13, 13), ('2024-09-14 20:00:00-03', '2024-09-14 18:00:00-03', 14, 15, 14, 14), ('2024-09-15 12:00:00-03', '2024-09-15 10:00:00-03', 15, 16, 15, 15), ('2024-09-16 14:00:00-03', '2024-09-16 12:00:00-03', 16, 17, 16, 16), ('2024-09-17 16:00:00-03', '2024-09-17 14:00:00-03', 17, 18, 17, 17), ('2024-09-18 18:00:00-03', '2024-09-18 16:00:00-03', 18, 19, 18, 18), ('2024-09-19 20:00:00-03', '2024-09-19 18:00:00-03', 19, 20, 19, 19), ('2024-09-20 22:00:00-03', '2024-09-20 20:00:00-03', 20, 21, 20, 20), ('2024-09-21 10:00:00-03', '2024-09-21 08:00:00-03', 21, 22, 21, 21), ('2024-09-22 15:00:00-03', '2024-09-22 13:00:00-03', 22, 23, 22, 22), ('2024-09-23 18:00:00-03', '2024-09-23 16:00:00-03', 23, 24, 23, 23), ('2024-09-24 20:00:00-03', '2024-09-24 18:00:00-03', 24, 25, 24, 24), ('2024-09-25 12:00:00-03', '2024-09-25 10:00:00-03', 25, 26, 25, 25), ('2024-09-26 14:00:00-03', '2024-09-26 12:00:00-03', 26, 27, 26, 26), ('2024-09-27 16:00:00-03', '2024-09-27 14:00:00-03', 27, 28, 27, 27), ('2024-09-28 18:00:00-03', '2024-09-28 16:00:00-03', 28, 29, 28, 28), ('2024-09-29 20:00:00-03', '2024-09-29 18:00:00-03', 29, 30, 29, 29), ('2024-09-30 22:00:00-03', '2024-09-30 20:00:00-03', 30, 1, 30, 30);
